name,preview_link,buy_link,price,image,store
Masonry,https://themes.shopify.com//themes/masonry/styles/flamingo/preview?ref=developer-46164834d4d5b148,https://themes.shopify.com//themes/masonry/styles/flamingo?ref=developer-46164834d4d5b148,$150,https_flamingo-theme.myshopify.com_.png,Shopify
Masonry,https://themes.shopify.com//themes/masonry/styles/dragonfly/preview?ref=developer-46164834d4d5b148,https://themes.shopify.com//themes/masonry/styles/dragonfly?ref=developer-46164834d4d5b148,$150,https_dragonfly-theme.myshopify.com_.png,Shopify
Pipeline,https://themes.shopify.com//themes/pipeline-2/styles/play/preview?ref=developer-46164834d4d5b148,https://themes.shopify.com//themes/pipeline-2/styles/play?ref=developer-46164834d4d5b148,$140,https_play-theme.myshopify.com_.png,Shopify
Masonry,https://themes.shopify.com//themes/masonry/styles/coyote/preview?ref=developer-46164834d4d5b148,https://themes.shopify.com//themes/masonry/styles/coyote?ref=developer-46164834d4d5b148,$150,https_coyote-theme.myshopify.com_.png,Shopify
Masonry,https://themes.shopify.com//themes/masonry/styles/chameleon/preview?ref=developer-46164834d4d5b148,https://themes.shopify.com//themes/masonry/styles/chameleon?ref=developer-46164834d4d5b148,$150,https_chameleon-theme.myshopify.com_.png,Shopify
Editions,https://themes.shopify.com//themes/editions/styles/light/preview?ref=developer-46164834d4d5b148,https://themes.shopify.com//themes/editions/styles/light?ref=developer-46164834d4d5b148,$140,https_editions-theme-light.myshopify.com_.png,Shopify
Editions,https://themes.shopify.com//themes/editions/styles/spring/preview?ref=developer-46164834d4d5b148,https://themes.shopify.com//themes/editions/styles/spring?ref=developer-46164834d4d5b148,$140,https_editions-theme-spring.myshopify.com_.png,Shopify
Editions,https://themes.shopify.com//themes/editions/styles/modern/preview?ref=developer-46164834d4d5b148,https://themes.shopify.com//themes/editions/styles/modern?ref=developer-46164834d4d5b148,$140,https_editions-theme-dark.myshopify.com_.png,Shopify
Pipeline,https://themes.shopify.com//themes/pipeline-2/styles/pipeline/preview?ref=developer-46164834d4d5b148,https://themes.shopify.com//themes/pipeline-2/styles/pipeline?ref=developer-46164834d4d5b148,$140,https_pipeline-theme.myshopify.com_.png,Shopify
Kickstand,https://themes.shopify.com//themes/kickstand/styles/starter/preview?ref=developer-46164834d4d5b148,https://themes.shopify.com//themes/kickstand/styles/starter,Free,https_kickstandtheme.myshopify.com_.png,Shopify
Kickstand,https://themes.shopify.com//themes/kickstand/styles/ebook/preview?ref=developer-46164834d4d5b148,https://themes.shopify.com//themes/kickstand/styles/ebook,Free,https_ebooktheme.myshopify.com_.png,Shopify
Showcase,https://themes.shopify.com//themes/showcase/styles/luna/preview?ref=developer-46164834d4d5b148,https://themes.shopify.com//themes/showcase/styles/luna?ref=developer-46164834d4d5b148,$180,https_luna-theme.myshopify.com_.png,Shopify
Showcase,https://themes.shopify.com//themes/showcase/styles/betty/preview?ref=developer-46164834d4d5b148,https://themes.shopify.com//themes/showcase/styles/betty?ref=developer-46164834d4d5b148,$180,https_betty-theme.myshopify.com_.png,Shopify
Showcase,https://themes.shopify.com//themes/showcase/styles/native/preview?ref=developer-46164834d4d5b148,https://themes.shopify.com//themes/showcase/styles/native?ref=developer-46164834d4d5b148,$180,https_native-theme.myshopify.com_.png,Shopify
Showcase,https://themes.shopify.com//themes/showcase/styles/beard/preview?ref=developer-46164834d4d5b148,https://themes.shopify.com//themes/showcase/styles/beard?ref=developer-46164834d4d5b148,$180,https_beard-theme.myshopify.com_.png,Shopify
Kagami,https://themes.shopify.com//themes/kagami/styles/kyoto/preview?ref=developer-46164834d4d5b148,https://themes.shopify.com//themes/kagami/styles/kyoto?ref=developer-46164834d4d5b148,$180,https_kagami-tokyo.myshopify.com_.png,Shopify
Kagami,https://themes.shopify.com//themes/kagami/styles/baptiste/preview?ref=developer-46164834d4d5b148,https://themes.shopify.com//themes/kagami/styles/baptiste?ref=developer-46164834d4d5b148,$180,https_kagami-paris.myshopify.com_.png,Shopify
Providence,https://themes.shopify.com//themes/providence/styles/birch/preview?ref=developer-46164834d4d5b148,https://themes.shopify.com//themes/providence/styles/birch?ref=developer-46164834d4d5b148,$120,https_providence-birch.myshopify.com_.png,Shopify
Providence,https://themes.shopify.com//themes/providence/styles/seaside/preview?ref=developer-46164834d4d5b148,https://themes.shopify.com//themes/providence/styles/seaside?ref=developer-46164834d4d5b148,$120,https_providence-seaside.myshopify.com_.png,Shopify
Atlantic,https://themes.shopify.com//themes/atlantic/styles/minimal/preview?ref=developer-46164834d4d5b148,https://themes.shopify.com//themes/atlantic/styles/minimal?ref=developer-46164834d4d5b148,$140,https_atlantic-theme-light.myshopify.com_.png,Shopify
Atlantic,https://themes.shopify.com//themes/atlantic/styles/modern/preview?ref=developer-46164834d4d5b148,https://themes.shopify.com//themes/atlantic/styles/modern?ref=developer-46164834d4d5b148,$140,https_atlantic-theme-modern.myshopify.com_.png,Shopify
Atlantic,https://themes.shopify.com//themes/atlantic/styles/organic/preview?ref=developer-46164834d4d5b148,https://themes.shopify.com//themes/atlantic/styles/organic?ref=developer-46164834d4d5b148,$140,https_atlantic-theme-organic.myshopify.com_.png,Shopify
Atlantic,https://themes.shopify.com//themes/atlantic/styles/chic/preview?ref=developer-46164834d4d5b148,https://themes.shopify.com//themes/atlantic/styles/chic?ref=developer-46164834d4d5b148,$140,https_atlantic-theme-chic.myshopify.com_.png,Shopify
ShowTime,https://themes.shopify.com//themes/showtime/styles/furnishtime/preview?ref=developer-46164834d4d5b148,https://themes.shopify.com//themes/showtime/styles/furnishtime?ref=developer-46164834d4d5b148,$150,https_showtime-furniture.myshopify.com_.png,Shopify
ShowTime,https://themes.shopify.com//themes/showtime/styles/cooktime/preview?ref=developer-46164834d4d5b148,https://themes.shopify.com//themes/showtime/styles/cooktime?ref=developer-46164834d4d5b148,$150,https_cooktime.myshopify.com_.png,Shopify
Grid,https://themes.shopify.com//themes/grid/styles/warm/preview?ref=developer-46164834d4d5b148,https://themes.shopify.com//themes/grid/styles/warm?ref=developer-46164834d4d5b148,$180,https_grid-theme-warm.myshopify.com_.png,Shopify
Grid,https://themes.shopify.com//themes/grid/styles/bright/preview?ref=developer-46164834d4d5b148,https://themes.shopify.com//themes/grid/styles/bright?ref=developer-46164834d4d5b148,$180,https_grid-theme-bright.myshopify.com_.png,Shopify
Grid,https://themes.shopify.com//themes/grid/styles/moody/preview?ref=developer-46164834d4d5b148,https://themes.shopify.com//themes/grid/styles/moody?ref=developer-46164834d4d5b148,$180,https_grid-theme-moody.myshopify.com_.png,Shopify
Grid,https://themes.shopify.com//themes/grid/styles/light/preview?ref=developer-46164834d4d5b148,https://themes.shopify.com//themes/grid/styles/light?ref=developer-46164834d4d5b148,$180,https_grid-theme-light.myshopify.com_.png,Shopify
Startup,https://themes.shopify.com//themes/startup/styles/art/preview?ref=developer-46164834d4d5b148,https://themes.shopify.com//themes/startup/styles/art?ref=developer-46164834d4d5b148,$180,https_startup-theme-art.myshopify.com_.png,Shopify
Startup,https://themes.shopify.com//themes/startup/styles/tech/preview?ref=developer-46164834d4d5b148,https://themes.shopify.com//themes/startup/styles/tech?ref=developer-46164834d4d5b148,$180,https_startup-theme-tech.myshopify.com_.png,Shopify
Startup,https://themes.shopify.com//themes/startup/styles/cloth/preview?ref=developer-46164834d4d5b148,https://themes.shopify.com//themes/startup/styles/cloth?ref=developer-46164834d4d5b148,$180,https_startup-theme-cloth.myshopify.com_.png,Shopify
Startup,https://themes.shopify.com//themes/startup/styles/home/preview?ref=developer-46164834d4d5b148,https://themes.shopify.com//themes/startup/styles/home?ref=developer-46164834d4d5b148,$180,https_startup-theme-home.myshopify.com_.png,Shopify
Expression,https://themes.shopify.com//themes/expression/styles/ocean/preview?ref=developer-46164834d4d5b148,https://themes.shopify.com//themes/expression/styles/ocean?ref=developer-46164834d4d5b148,$150,https_ocean-theme.myshopify.com_.png,Shopify
Expression,https://themes.shopify.com//themes/expression/styles/innovate/preview?ref=developer-46164834d4d5b148,https://themes.shopify.com//themes/expression/styles/innovate?ref=developer-46164834d4d5b148,$150,https_innovate-theme.myshopify.com_.png,Shopify
Expression,https://themes.shopify.com//themes/expression/styles/naturale/preview?ref=developer-46164834d4d5b148,https://themes.shopify.com//themes/expression/styles/naturale?ref=developer-46164834d4d5b148,$150,https_naturale-theme.myshopify.com_.png,Shopify
Expression,https://themes.shopify.com//themes/expression/styles/oxford/preview?ref=developer-46164834d4d5b148,https://themes.shopify.com//themes/expression/styles/oxford?ref=developer-46164834d4d5b148,$150,https_oxford-theme.myshopify.com_.png,Shopify
Lookbook,https://themes.shopify.com//themes/lookbook/styles/retro/preview?ref=developer-46164834d4d5b148,https://themes.shopify.com//themes/lookbook/styles/retro,Free,https_lookbook-retro.myshopify.com_.png,Shopify
Cypress,https://themes.shopify.com//themes/cypress/styles/art/preview?ref=developer-46164834d4d5b148,https://themes.shopify.com//themes/cypress/styles/art?ref=developer-46164834d4d5b148,$140,https_cypress-theme-art.myshopify.com_.png,Shopify
Cypress,https://themes.shopify.com//themes/cypress/styles/home/preview?ref=developer-46164834d4d5b148,https://themes.shopify.com//themes/cypress/styles/home?ref=developer-46164834d4d5b148,$140,https_cypress-theme-home.myshopify.com_.png,Shopify
Testament,https://themes.shopify.com//themes/testament/styles/deliverance/preview?ref=developer-46164834d4d5b148,https://themes.shopify.com//themes/testament/styles/deliverance?ref=developer-46164834d4d5b148,$140,https_infinity-39.myshopify.com_.png,Shopify
Testament,https://themes.shopify.com//themes/testament/styles/genesis/preview?ref=developer-46164834d4d5b148,https://themes.shopify.com//themes/testament/styles/genesis?ref=developer-46164834d4d5b148,$140,https_testament.myshopify.com_.png,Shopify
Testament,https://themes.shopify.com//themes/testament/styles/exodus/preview?ref=developer-46164834d4d5b148,https://themes.shopify.com//themes/testament/styles/exodus?ref=developer-46164834d4d5b148,$140,https_kuhic-ankunding-and-russel5407.myshopify.com_.png,Shopify
Testament,https://themes.shopify.com//themes/testament/styles/revelation/preview?ref=developer-46164834d4d5b148,https://themes.shopify.com//themes/testament/styles/revelation?ref=developer-46164834d4d5b148,$140,https_testament-revelation.myshopify.com_.png,Shopify
Responsive,https://themes.shopify.com//themes/responsive/styles/new-york/preview?ref=developer-46164834d4d5b148,https://themes.shopify.com//themes/responsive/styles/new-york?ref=developer-46164834d4d5b148,$160,https_newyorkbicycles.myshopify.com_.png,Shopify
Responsive,https://themes.shopify.com//themes/responsive/styles/san-francisco/preview?ref=developer-46164834d4d5b148,https://themes.shopify.com//themes/responsive/styles/san-francisco?ref=developer-46164834d4d5b148,$160,https_san-francisco-cupcakes.myshopify.com_.png,Shopify
Responsive,https://themes.shopify.com//themes/responsive/styles/paris/preview?ref=developer-46164834d4d5b148,https://themes.shopify.com//themes/responsive/styles/paris?ref=developer-46164834d4d5b148,$160,https_paris-timepieces.myshopify.com_.png,Shopify
Responsive,https://themes.shopify.com//themes/responsive/styles/london/preview?ref=developer-46164834d4d5b148,https://themes.shopify.com//themes/responsive/styles/london?ref=developer-46164834d4d5b148,$160,https_london-stationery.myshopify.com_.png,Shopify
Minimal,https://themes.shopify.com//themes/minimal/styles/music/preview?ref=developer-46164834d4d5b148,https://themes.shopify.com//themes/minimal/styles/music,Free,https_minimal-music.myshopify.com_.png,Shopify
Minimal,https://themes.shopify.com//themes/minimal/styles/fashion/preview?ref=developer-46164834d4d5b148,https://themes.shopify.com//themes/minimal/styles/fashion,Free,https_minimal-fashion.myshopify.com_.png,Shopify
Minimal,https://themes.shopify.com//themes/minimal/styles/vintage/preview?ref=developer-46164834d4d5b148,https://themes.shopify.com//themes/minimal/styles/vintage,Free,https_minimal-vintage.myshopify.com_.png,Shopify
Pacific,https://themes.shopify.com//themes/pacific/styles/warm/preview?ref=developer-46164834d4d5b148,https://themes.shopify.com//themes/pacific/styles/warm?ref=developer-46164834d4d5b148,$180,https_pacific-theme-warm.myshopify.com_.png,Shopify
Pacific,https://themes.shopify.com//themes/pacific/styles/cool/preview?ref=developer-46164834d4d5b148,https://themes.shopify.com//themes/pacific/styles/cool?ref=developer-46164834d4d5b148,$180,https_pacific-theme-cool.myshopify.com_.png,Shopify
Pacific,https://themes.shopify.com//themes/pacific/styles/bold/preview?ref=developer-46164834d4d5b148,https://themes.shopify.com//themes/pacific/styles/bold?ref=developer-46164834d4d5b148,$180,https_pacific-theme-bold.myshopify.com_.png,Shopify
Pacific,https://themes.shopify.com//themes/pacific/styles/bright/preview?ref=developer-46164834d4d5b148,https://themes.shopify.com//themes/pacific/styles/bright?ref=developer-46164834d4d5b148,$180,https_pacific-theme-bright.myshopify.com_.png,Shopify
Colors,https://themes.shopify.com//themes/colors/styles/generic/preview?ref=developer-46164834d4d5b148,https://themes.shopify.com//themes/colors/styles/generic?ref=developer-46164834d4d5b148,$180,https_colors-theme-generic.myshopify.com_.png,Shopify
Colors,https://themes.shopify.com//themes/colors/styles/pastel/preview?ref=developer-46164834d4d5b148,https://themes.shopify.com//themes/colors/styles/pastel?ref=developer-46164834d4d5b148,$180,https_colors-theme-pastel.myshopify.com_.png,Shopify
Sugar,https://themes.shopify.com//themes/sugar/styles/light/preview?ref=developer-46164834d4d5b148,https://themes.shopify.com//themes/sugar/styles/light?ref=developer-46164834d4d5b148,$140,https_sugar-theme-light.myshopify.com_.png,Shopify
Sugar,https://themes.shopify.com//themes/sugar/styles/warm/preview?ref=developer-46164834d4d5b148,https://themes.shopify.com//themes/sugar/styles/warm?ref=developer-46164834d4d5b148,$140,https_sugar-theme-warm.myshopify.com_.png,Shopify
Sugar,https://themes.shopify.com//themes/sugar/styles/bright/preview?ref=developer-46164834d4d5b148,https://themes.shopify.com//themes/sugar/styles/bright?ref=developer-46164834d4d5b148,$140,https_sugar-theme-bright.myshopify.com_.png,Shopify
Canopy,https://themes.shopify.com//themes/canopy/styles/kiln/preview?ref=developer-46164834d4d5b148,https://themes.shopify.com//themes/canopy/styles/kiln?ref=developer-46164834d4d5b148,$180,https_kiln-theme.myshopify.com_.png,Shopify
Canopy,https://themes.shopify.com//themes/canopy/styles/elda/preview?ref=developer-46164834d4d5b148,https://themes.shopify.com//themes/canopy/styles/elda?ref=developer-46164834d4d5b148,$180,https_elda-theme.myshopify.com_.png,Shopify
Canopy,https://themes.shopify.com//themes/canopy/styles/thread/preview?ref=developer-46164834d4d5b148,https://themes.shopify.com//themes/canopy/styles/thread?ref=developer-46164834d4d5b148,$180,https_thread-theme.myshopify.com_.png,Shopify
Alchemy,https://themes.shopify.com//themes/alchemy/styles/driftwood/preview?ref=developer-46164834d4d5b148,https://themes.shopify.com//themes/alchemy/styles/driftwood?ref=developer-46164834d4d5b148,$150,https_driftwood-theme.myshopify.com_.png,Shopify
Alchemy,https://themes.shopify.com//themes/alchemy/styles/seasons/preview?ref=developer-46164834d4d5b148,https://themes.shopify.com//themes/alchemy/styles/seasons?ref=developer-46164834d4d5b148,$150,https_season-theme.myshopify.com_.png,Shopify
Alchemy,https://themes.shopify.com//themes/alchemy/styles/swimclub/preview?ref=developer-46164834d4d5b148,https://themes.shopify.com//themes/alchemy/styles/swimclub?ref=developer-46164834d4d5b148,$150,https_swimclub-theme.myshopify.com_.png,Shopify
Alchemy,https://themes.shopify.com//themes/alchemy/styles/cloudbreak/preview?ref=developer-46164834d4d5b148,https://themes.shopify.com//themes/alchemy/styles/cloudbreak?ref=developer-46164834d4d5b148,$150,https_cloudbreak-theme.myshopify.com_.png,Shopify
Classic,https://themes.shopify.com//themes/classic/styles/light/preview?ref=developer-46164834d4d5b148,https://themes.shopify.com//themes/classic/styles/light,Free,https_expo-light.myshopify.com_.png,Shopify
Classic,https://themes.shopify.com//themes/classic/styles/sharp/preview?ref=developer-46164834d4d5b148,https://themes.shopify.com//themes/classic/styles/sharp,Free,https_expo-watches.myshopify.com_.png,Shopify
Classic,https://themes.shopify.com//themes/classic/styles/dark/preview?ref=developer-46164834d4d5b148,https://themes.shopify.com//themes/classic/styles/dark,Free,https_classic-sports.myshopify.com_.png,Shopify
Blockshop,https://themes.shopify.com//themes/blockshop/styles/beat/preview?ref=developer-46164834d4d5b148,https://themes.shopify.com//themes/blockshop/styles/beat?ref=developer-46164834d4d5b148,$140,https_blockshop-theme-beat.myshopify.com_.png,Shopify
Blockshop,https://themes.shopify.com//themes/blockshop/styles/playhouse/preview?ref=developer-46164834d4d5b148,https://themes.shopify.com//themes/blockshop/styles/playhouse?ref=developer-46164834d4d5b148,$140,https_blockshop-theme-playhouse.myshopify.com_.png,Shopify
Blockshop,https://themes.shopify.com//themes/blockshop/styles/deli/preview?ref=developer-46164834d4d5b148,https://themes.shopify.com//themes/blockshop/styles/deli?ref=developer-46164834d4d5b148,$140,https_blockshop-theme-deli.myshopify.com_.png,Shopify
Blockshop,https://themes.shopify.com//themes/blockshop/styles/beauty/preview?ref=developer-46164834d4d5b148,https://themes.shopify.com//themes/blockshop/styles/beauty?ref=developer-46164834d4d5b148,$140,https_blockshop-theme-beauty.myshopify.com_.png,Shopify
Supply,https://themes.shopify.com//themes/supply/styles/dark/preview?ref=developer-46164834d4d5b148,https://themes.shopify.com//themes/supply/styles/dark,Free,https_supply-dark.myshopify.com_.png,Shopify
Supply,https://themes.shopify.com//themes/supply/styles/soft-green/preview?ref=developer-46164834d4d5b148,https://themes.shopify.com//themes/supply/styles/soft-green,Free,https_furniture-supply.myshopify.com_.png,Shopify
Supply,https://themes.shopify.com//themes/supply/styles/blue/preview?ref=developer-46164834d4d5b148,https://themes.shopify.com//themes/supply/styles/blue,Free,https_supply-electronics.myshopify.com_.png,Shopify
Kingdom,https://themes.shopify.com//themes/kingdom/styles/king/preview?ref=developer-46164834d4d5b148,https://themes.shopify.com//themes/kingdom/styles/king?ref=developer-46164834d4d5b148,$180,https_king-theme.myshopify.com_.png,Shopify
Kingdom,https://themes.shopify.com//themes/kingdom/styles/queen/preview?ref=developer-46164834d4d5b148,https://themes.shopify.com//themes/kingdom/styles/queen?ref=developer-46164834d4d5b148,$180,https_queen-theme.myshopify.com_.png,Shopify
Kingdom,https://themes.shopify.com//themes/kingdom/styles/prince/preview?ref=developer-46164834d4d5b148,https://themes.shopify.com//themes/kingdom/styles/prince?ref=developer-46164834d4d5b148,$180,https_prince-theme.myshopify.com_.png,Shopify
Symmetry,https://themes.shopify.com//themes/symmetry/styles/salt-yard/preview?ref=developer-46164834d4d5b148,https://themes.shopify.com//themes/symmetry/styles/salt-yard?ref=developer-46164834d4d5b148,$180,https_salt-yard.myshopify.com_.png,Shopify
Symmetry,https://themes.shopify.com//themes/symmetry/styles/duke/preview?ref=developer-46164834d4d5b148,https://themes.shopify.com//themes/symmetry/styles/duke?ref=developer-46164834d4d5b148,$180,https_duke-16.myshopify.com_.png,Shopify
Symmetry,https://themes.shopify.com//themes/symmetry/styles/beatnik/preview?ref=developer-46164834d4d5b148,https://themes.shopify.com//themes/symmetry/styles/beatnik?ref=developer-46164834d4d5b148,$180,https_beatnik-5.myshopify.com_.png,Shopify
Symmetry,https://themes.shopify.com//themes/symmetry/styles/chantilly/preview?ref=developer-46164834d4d5b148,https://themes.shopify.com//themes/symmetry/styles/chantilly?ref=developer-46164834d4d5b148,$180,https_chantilly.myshopify.com_.png,Shopify
Brooklyn,https://themes.shopify.com//themes/brooklyn/styles/brooklyn/preview?ref=developer-46164834d4d5b148,https://themes.shopify.com//themes/brooklyn/styles/brooklyn,Free,https_brooklyn-theme.myshopify.com_.png,Shopify
Mobilia,https://themes.shopify.com//themes/mobilia/styles/tokyo/preview?ref=developer-46164834d4d5b148,https://themes.shopify.com//themes/mobilia/styles/tokyo?ref=developer-46164834d4d5b148,$160,https_tokyo-teas.myshopify.com_.png,Shopify
Mobilia,https://themes.shopify.com//themes/mobilia/styles/milan/preview?ref=developer-46164834d4d5b148,https://themes.shopify.com//themes/mobilia/styles/milan?ref=developer-46164834d4d5b148,$160,https_milan-tailors.myshopify.com_.png,Shopify
Mobilia,https://themes.shopify.com//themes/mobilia/styles/sydney/preview?ref=developer-46164834d4d5b148,https://themes.shopify.com//themes/mobilia/styles/sydney?ref=developer-46164834d4d5b148,$160,https_sydney-sunglasses.myshopify.com_.png,Shopify
Mobilia,https://themes.shopify.com//themes/mobilia/styles/napa/preview?ref=developer-46164834d4d5b148,https://themes.shopify.com//themes/mobilia/styles/napa?ref=developer-46164834d4d5b148,$160,https_napa-vineyards.myshopify.com_.png,Shopify
California,https://themes.shopify.com//themes/california/styles/cartomaps/preview?ref=developer-46164834d4d5b148,https://themes.shopify.com//themes/california/styles/cartomaps?ref=developer-46164834d4d5b148,$180,https_california-theme-startup.myshopify.com_.png,Shopify
California,https://themes.shopify.com//themes/california/styles/kentia/preview?ref=developer-46164834d4d5b148,https://themes.shopify.com//themes/california/styles/kentia?ref=developer-46164834d4d5b148,$180,https_california-theme-art.myshopify.com_.png,Shopify
California,https://themes.shopify.com//themes/california/styles/sundays/preview?ref=developer-46164834d4d5b148,https://themes.shopify.com//themes/california/styles/sundays?ref=developer-46164834d4d5b148,$180,https_california-theme-fashion.myshopify.com_.png,Shopify
California,https://themes.shopify.com//themes/california/styles/california/preview?ref=developer-46164834d4d5b148,https://themes.shopify.com//themes/california/styles/california?ref=developer-46164834d4d5b148,$180,https_california-theme-generic.myshopify.com_.png,Shopify
District,https://themes.shopify.com//themes/district/styles/energy/preview?ref=developer-46164834d4d5b148,https://themes.shopify.com//themes/district/styles/energy?ref=developer-46164834d4d5b148,$160,https_district-theme-energy.myshopify.com_.png,Shopify
District,https://themes.shopify.com//themes/district/styles/district/preview?ref=developer-46164834d4d5b148,https://themes.shopify.com//themes/district/styles/district?ref=developer-46164834d4d5b148,$160,https_district-theme-demo.myshopify.com_.png,Shopify
District,https://themes.shopify.com//themes/district/styles/coast/preview?ref=developer-46164834d4d5b148,https://themes.shopify.com//themes/district/styles/coast?ref=developer-46164834d4d5b148,$160,https_district-theme-coast.myshopify.com_.png,Shopify
Retina,https://themes.shopify.com//themes/retina/styles/austin/preview?ref=developer-46164834d4d5b148,https://themes.shopify.com//themes/retina/styles/austin?ref=developer-46164834d4d5b148,$160,https_retina-theme.myshopify.com_.png,Shopify
Retina,https://themes.shopify.com//themes/retina/styles/montreal/preview?ref=developer-46164834d4d5b148,https://themes.shopify.com//themes/retina/styles/montreal?ref=developer-46164834d4d5b148,$160,https_retina-theme-montreal.myshopify.com_.png,Shopify
Retina,https://themes.shopify.com//themes/retina/styles/melbourne/preview?ref=developer-46164834d4d5b148,https://themes.shopify.com//themes/retina/styles/melbourne?ref=developer-46164834d4d5b148,$160,https_retina-theme-melbourne.myshopify.com_.png,Shopify
Retina,https://themes.shopify.com//themes/retina/styles/amsterdam/preview?ref=developer-46164834d4d5b148,https://themes.shopify.com//themes/retina/styles/amsterdam?ref=developer-46164834d4d5b148,$160,https_retina-theme-amsterdam.myshopify.com_.png,Shopify
Fashionopolism,https://themes.shopify.com//themes/fashionopolism/styles/popup-shop/preview?ref=developer-46164834d4d5b148,https://themes.shopify.com//themes/fashionopolism/styles/popup-shop?ref=developer-46164834d4d5b148,$140,https_fashionopolism-home.myshopify.com_.png,Shopify
Fashionopolism,https://themes.shopify.com//themes/fashionopolism/styles/secret-sale/preview?ref=developer-46164834d4d5b148,https://themes.shopify.com//themes/fashionopolism/styles/secret-sale?ref=developer-46164834d4d5b148,$140,https_fashionopolism-secret-sale.myshopify.com_.png,Shopify
Fashionopolism,https://themes.shopify.com//themes/fashionopolism/styles/empire/preview?ref=developer-46164834d4d5b148,https://themes.shopify.com//themes/fashionopolism/styles/empire?ref=developer-46164834d4d5b148,$140,https_fashionopolism-responsive.myshopify.com_.png,Shopify
Pop,https://themes.shopify.com//themes/pop/styles/bone/preview?ref=developer-46164834d4d5b148,https://themes.shopify.com//themes/pop/styles/bone,Free,https_poptheme-bone-promo.myshopify.com_.png,Shopify
Pop,https://themes.shopify.com//themes/pop/styles/toy/preview?ref=developer-46164834d4d5b148,https://themes.shopify.com//themes/pop/styles/toy,Free,https_poptheme-toy.myshopify.com_.png,Shopify
Envy,https://themes.shopify.com//themes/envy/styles/copenhagen/preview?ref=developer-46164834d4d5b148,https://themes.shopify.com//themes/envy/styles/copenhagen?ref=developer-46164834d4d5b148,$100,https_envy-copenhagen.myshopify.com_.png,Shopify
Envy,https://themes.shopify.com//themes/envy/styles/gothenburg/preview?ref=developer-46164834d4d5b148,https://themes.shopify.com//themes/envy/styles/gothenburg?ref=developer-46164834d4d5b148,$100,https_envy-gothenburg.myshopify.com_.png,Shopify
Envy,https://themes.shopify.com//themes/envy/styles/stockholm/preview?ref=developer-46164834d4d5b148,https://themes.shopify.com//themes/envy/styles/stockholm?ref=developer-46164834d4d5b148,$100,https_envy-stockholm.myshopify.com_.png,Shopify
Envy,https://themes.shopify.com//themes/envy/styles/oslo/preview?ref=developer-46164834d4d5b148,https://themes.shopify.com//themes/envy/styles/oslo?ref=developer-46164834d4d5b148,$100,https_envy-oslo.myshopify.com_.png,Shopify
Weekend,https://themes.shopify.com//themes/weekend/styles/outdoors/preview?ref=developer-46164834d4d5b148,https://themes.shopify.com//themes/weekend/styles/outdoors?ref=developer-46164834d4d5b148,$160,https_outdoor-apparel.myshopify.com_.png,Shopify
Weekend,https://themes.shopify.com//themes/weekend/styles/bow-ties/preview?ref=developer-46164834d4d5b148,https://themes.shopify.com//themes/weekend/styles/bow-ties?ref=developer-46164834d4d5b148,$160,https_pet-accessories-3.myshopify.com_.png,Shopify
Weekend,https://themes.shopify.com//themes/weekend/styles/coffee/preview?ref=developer-46164834d4d5b148,https://themes.shopify.com//themes/weekend/styles/coffee?ref=developer-46164834d4d5b148,$160,https_barrel-coffee.myshopify.com_.png,Shopify
New Standard,https://themes.shopify.com//themes/new-standard/styles/dark/preview?ref=developer-46164834d4d5b148,https://themes.shopify.com//themes/new-standard/styles/dark,Free,https_the-new-standard-dark.myshopify.com_.png,Shopify
New Standard,https://themes.shopify.com//themes/new-standard/styles/white/preview?ref=developer-46164834d4d5b148,https://themes.shopify.com//themes/new-standard/styles/white,Free,https_the-new-standard-theme.myshopify.com_.png,Shopify
New Standard,https://themes.shopify.com//themes/new-standard/styles/sepia/preview?ref=developer-46164834d4d5b148,https://themes.shopify.com//themes/new-standard/styles/sepia,Free,https_the-new-standard-sepia.myshopify.com_.png,Shopify
Vantage,https://themes.shopify.com//themes/vantage/styles/mono/preview?ref=developer-46164834d4d5b148,https://themes.shopify.com//themes/vantage/styles/mono?ref=developer-46164834d4d5b148,$140,https_vantage-shopify-theme.myshopify.com_.png,Shopify
Vantage,https://themes.shopify.com//themes/vantage/styles/clean/preview?ref=developer-46164834d4d5b148,https://themes.shopify.com//themes/vantage/styles/clean?ref=developer-46164834d4d5b148,$140,https_wisozk-stroman-and-homenick8737.myshopify.com_.png,Shopify
Vantage,https://themes.shopify.com//themes/vantage/styles/black/preview?ref=developer-46164834d4d5b148,https://themes.shopify.com//themes/vantage/styles/black?ref=developer-46164834d4d5b148,$140,https_rutherford-romaguera2611.myshopify.com_.png,Shopify
Vantage,https://themes.shopify.com//themes/vantage/styles/reclaimed/preview?ref=developer-46164834d4d5b148,https://themes.shopify.com//themes/vantage/styles/reclaimed?ref=developer-46164834d4d5b148,$140,https_lang-inc5944.myshopify.com_.png,Shopify
Icon,https://themes.shopify.com//themes/icon/styles/christian/preview?ref=developer-46164834d4d5b148,https://themes.shopify.com//themes/icon/styles/christian?ref=developer-46164834d4d5b148,$140,https_icon-shopify-theme2.myshopify.com_.png,Shopify
Icon,https://themes.shopify.com//themes/icon/styles/dolce/preview?ref=developer-46164834d4d5b148,https://themes.shopify.com//themes/icon/styles/dolce?ref=developer-46164834d4d5b148,$140,https_icon-shopify-theme.myshopify.com_.png,Shopify
Icon,https://themes.shopify.com//themes/icon/styles/coco/preview?ref=developer-46164834d4d5b148,https://themes.shopify.com//themes/icon/styles/coco?ref=developer-46164834d4d5b148,$140,https_icon-coco-shopify-theme.myshopify.com_.png,Shopify
Focal,https://themes.shopify.com//themes/focal/styles/black-box/preview?ref=developer-46164834d4d5b148,https://themes.shopify.com//themes/focal/styles/black-box?ref=developer-46164834d4d5b148,$170,https_focal-black-box.myshopify.com_.png,Shopify
Focal,https://themes.shopify.com//themes/focal/styles/standard/preview?ref=developer-46164834d4d5b148,https://themes.shopify.com//themes/focal/styles/standard?ref=developer-46164834d4d5b148,$170,https_focal-standard.myshopify.com_.png,Shopify
Focal,https://themes.shopify.com//themes/focal/styles/sea/preview?ref=developer-46164834d4d5b148,https://themes.shopify.com//themes/focal/styles/sea?ref=developer-46164834d4d5b148,$170,https_focal-sea.myshopify.com_.png,Shopify
Focal,https://themes.shopify.com//themes/focal/styles/giveat/preview?ref=developer-46164834d4d5b148,https://themes.shopify.com//themes/focal/styles/giveat?ref=developer-46164834d4d5b148,$170,https_focal-giveat.myshopify.com_.png,Shopify
Sunrise,https://themes.shopify.com//themes/sunrise/styles/spring/preview?ref=developer-46164834d4d5b148,https://themes.shopify.com//themes/sunrise/styles/spring?ref=developer-46164834d4d5b148,$160,https_sunrise-theme.myshopify.com_.png,Shopify
Sunrise,https://themes.shopify.com//themes/sunrise/styles/uplift/preview?ref=developer-46164834d4d5b148,https://themes.shopify.com//themes/sunrise/styles/uplift?ref=developer-46164834d4d5b148,$160,https_uplift-theme.myshopify.com_.png,Shopify
Sunrise,https://themes.shopify.com//themes/sunrise/styles/digitale/preview?ref=developer-46164834d4d5b148,https://themes.shopify.com//themes/sunrise/styles/digitale?ref=developer-46164834d4d5b148,$160,https_digitale-theme.myshopify.com_.png,Shopify
Sunrise,https://themes.shopify.com//themes/sunrise/styles/beach-hut/preview?ref=developer-46164834d4d5b148,https://themes.shopify.com//themes/sunrise/styles/beach-hut?ref=developer-46164834d4d5b148,$160,https_beach-hut-theme.myshopify.com_.png,Shopify
Simple,https://themes.shopify.com//themes/simple/styles/light/preview?ref=developer-46164834d4d5b148,https://themes.shopify.com//themes/simple/styles/light,Free,https_simpletheme.myshopify.com_.png,Shopify
Simple,https://themes.shopify.com//themes/simple/styles/beauty/preview?ref=developer-46164834d4d5b148,https://themes.shopify.com//themes/simple/styles/beauty,Free,https_beautytheme.myshopify.com_.png,Shopify
Solo,https://themes.shopify.com//themes/solo/styles/solo/preview?ref=developer-46164834d4d5b148,https://themes.shopify.com//themes/solo/styles/solo,Free,https_solo-new.myshopify.com_.png,Shopify
Mr Parker,https://themes.shopify.com//themes/mr-parker/styles/sunset/preview?ref=developer-46164834d4d5b148,https://themes.shopify.com//themes/mr-parker/styles/sunset?ref=developer-46164834d4d5b148,$140,https_launch-26.myshopify.com_.png,Shopify
Mr Parker,https://themes.shopify.com//themes/mr-parker/styles/wardrobe/preview?ref=developer-46164834d4d5b148,https://themes.shopify.com//themes/mr-parker/styles/wardrobe?ref=developer-46164834d4d5b148,$140,https_mr-parker.myshopify.com_.png,Shopify
Mr Parker,https://themes.shopify.com//themes/mr-parker/styles/desk/preview?ref=developer-46164834d4d5b148,https://themes.shopify.com//themes/mr-parker/styles/desk?ref=developer-46164834d4d5b148,$140,https_mrparkerdemo.myshopify.com_.png,Shopify
Mr Parker,https://themes.shopify.com//themes/mr-parker/styles/apothecary/preview?ref=developer-46164834d4d5b148,https://themes.shopify.com//themes/mr-parker/styles/apothecary?ref=developer-46164834d4d5b148,$140,https_face-207.myshopify.com_.png,Shopify
DECORTICA - Responsive Shopify Template,http://minimart-demo.myshopify.com,http://themeforest.net/item/decortica-responsive-shopify-template/12812349?ref=themescroller,$56,http_minimart-demo.myshopify.com_.png,Themeforest
Ap Shopping Center- Responsive Shopify Theme,http://ap-shopping.myshopify.com,http://themeforest.net/item/ap-shopping-center-responsive-shopify-theme/12758754?ref=themescroller,$56,http_ap-shopping.myshopify.com_.png,Themeforest
Parallax Shopify Theme - Wood Furniture Decoration,http://cs-wood.myshopify.com/,http://themeforest.net/item/parallax-shopify-theme-wood-furniture-decoration/12770960?ref=themescroller,$56,http_cs-wood.myshopify.com_.png,Themeforest
Leo Milk Store Shopify Theme,https://ap-milk-store-2.myshopify.com/,http://themeforest.net/item/leo-milk-store-shopify-theme/12684681?ref=themescroller,$56,https_ap-milk-store-2.myshopify.com_.png,Themeforest
Peacock - Multipurpose Responsive Shopify theme,http://forfel.myshopify.com,http://themeforest.net/item/peacock-multipurpose-responsive-shopify-theme/12750380?ref=themescroller,$56,http_forfel.myshopify.com_.png,Themeforest
Sebian Super Multipurpose Responsive Shopify Theme,https://sebian-1.myshopify.com,http://themeforest.net/item/sebian-super-multipurpose-responsive-shopify-theme/12729146?ref=themescroller,$56,https_sebian-1.myshopify.com_.png,Themeforest
CityCycle - Bike Store Responsive Shopify Theme,http://cs-citycycle.myshopify.com/,http://themeforest.net/item/citycycle-bike-store-responsive-shopify-theme/12681454?ref=themescroller,$56,http_cs-citycycle.myshopify.com_.png,Themeforest
Ap NewFashion - Shopify Theme,http://ap-newfashion.myshopify.com,http://themeforest.net/item/ap-newfashion-shopify-theme/12665186?ref=themescroller,$56,http_ap-newfashion.myshopify.com_.png,Themeforest
Responsive Minimalist Shopify Theme for Interior,http://cs-utc-interior.myshopify.com/,http://themeforest.net/item/responsive-minimalist-shopify-theme-for-interior/12570643?ref=themescroller,$56,http_cs-utc-interior.myshopify.com_.png,Themeforest
Ghoster - Multipurpose Responsive Shopify Theme,https://ghoster-1.myshopify.com,http://themeforest.net/item/ghoster-multipurpose-responsive-shopify-theme/12488858?ref=themescroller,$56,https_ghoster-1.myshopify.com_.png,Themeforest
Seven Store - Multipurpose Responsive Shopify Theme,https://seven-44.myshopify.com,http://themeforest.net/item/seven-store-multipurpose-responsive-shopify-theme/12393336?ref=themescroller,$56,https_seven-44.myshopify.com_.png,Themeforest
ENZO - Shopify Multi Purpose theme,http://enzo-outdoor.myshopify.com,http://themeforest.net/item/enzo-shopify-multi-purpose-theme/12417104?ref=themescroller,$56,http_enzo-outdoor.myshopify.com_.png,Themeforest
Coolbaby - Shopify responsive original theme,http://etheme.tonytemplates.com/demo/?itemid=12334418,http://themeforest.net/item/coolbaby-shopify-responsive-original-theme/12334418?ref=themescroller,$56,http_etheme.tonytemplates.com_demo_itemid=12334418_.png,Themeforest
Watch Store Responsive Shopify Theme - WATZ,http://cs-watz.myshopify.com/,http://themeforest.net/item/watch-store-responsive-shopify-theme-watz/12328280?ref=themescroller,$56,http_cs-watz.myshopify.com_.png,Themeforest
Material - Responsive Shopify Theme,http://rt-material.myshopify.com,http://themeforest.net/item/material-responsive-shopify-theme/12321125?ref=themescroller,$56,http_rt-material.myshopify.com_.png,Themeforest
Cover - Responsive Shopify Theme,http://cover-theme.myshopify.com,http://themeforest.net/item/cover-responsive-shopify-theme/12254307?ref=themescroller,$56,http_cover-theme.myshopify.com_.png,Themeforest
Velit - Multiple Responsive Layout,http://velit.myshopify.com/,http://themeforest.net/item/velit-multiple-responsive-layout/12237268?ref=themescroller,$56,http_velit.myshopify.com_.png,Themeforest
Bazien - Shopify Retina Theme,http://bazien-1.myshopify.com,http://themeforest.net/item/bazien-shopify-retina-theme/12147625?ref=themescroller,$56,http_bazien-1.myshopify.com_.png,Themeforest
Fabia - Responsive Shopify Theme,http://fabia-2.myshopify.com/,http://themeforest.net/item/fabia-responsive-shopify-theme/12186137?ref=themescroller,$56,http_fabia-2.myshopify.com_.png,Themeforest
Leo Material Store - Shopify Responsive Theme,http://leo-supper-store.myshopify.com,http://themeforest.net/item/leo-material-store-shopify-responsive-theme/11991032?ref=themescroller,$56,http_leo-supper-store.myshopify.com_.png,Themeforest
Bootstrap Shopify Theme Winter Sports & Outdoors,http://cs-sport-shop.myshopify.com/,http://themeforest.net/item/bootstrap-shopify-theme-winter-sports-outdoors/12109957?ref=themescroller,$56,http_cs-sport-shop.myshopify.com_.png,Themeforest
Ap Next Store - Shopify Responsive Theme,https://ap-next-store.myshopify.com,http://themeforest.net/item/ap-next-store-shopify-responsive-theme/12094399?ref=themescroller,$56,https_ap-next-store.myshopify.com_.png,Themeforest
Jewelry Responsive Shopify Theme,http://cs-utc-jewelry.myshopify.com/,http://themeforest.net/item/jewelry-responsive-shopify-theme/12066973?ref=themescroller,$56,http_cs-utc-jewelry.myshopify.com_.png,Themeforest
Fashion Responsive Shopify Theme - Jemiz,http://cs-jemiz-shoes.myshopify.com,http://themeforest.net/item/fashion-responsive-shopify-theme-jemiz/11980932?ref=themescroller,$56,http_cs-jemiz-shoes.myshopify.com_.png,Themeforest
Megatron - Shopify Multi-Purpose Theme,http://etheme.tonytemplates.com/demo/?itemid=11868753,http://themeforest.net/item/megatron-shopify-multipurpose-theme/11868753?ref=themescroller,$56,http_etheme.tonytemplates.com_demo_itemid=11868753_.png,Themeforest
Ap Extroic - Shopify Responsive Theme,https://ap-extroic-store.myshopify.com,http://themeforest.net/item/ap-extroic-shopify-responsive-theme/11780165?ref=themescroller,$56,https_ap-extroic-store.myshopify.com_.png,Themeforest
Uptown Jeans - Shopify Multi-Purpose Theme,http://cs-uptown-fashion.myshopify.com,http://themeforest.net/item/uptown-jeans-shopify-multipurpose-theme/11785779?ref=themescroller,$56,http_cs-uptown-fashion.myshopify.com_.png,Themeforest
Lady - Retina Responsive Shopify Theme,http://lady-demo1.myshopify.com,http://themeforest.net/item/lady-retina-responsive-shopify-theme/11613307?ref=themescroller,$56,http_lady-demo1.myshopify.com_.png,Themeforest
Ap SuperMarket - Shopify Responsive Theme,https://ap-super-market-2.myshopify.com,http://themeforest.net/item/ap-supermarket-shopify-responsive-theme/11588104?ref=themescroller,$56,https_ap-super-market-2.myshopify.com_.png,Themeforest
Santo - Responsive Shopify Theme,http://adolab-santo.myshopify.com,http://themeforest.net/item/santo-responsive-shopify-theme/11586442?ref=themescroller,$56,http_adolab-santo.myshopify.com_.png,Themeforest
Modello - Responsive Shopify Theme,http://modello-green.myshopify.com,http://themeforest.net/item/modello-responsive-shopify-theme/11466091?ref=themescroller,$56,http_modello-green.myshopify.com_.png,Themeforest
Ap Gentshop - Shopify Responisive Theme,http://ap-gentshop-store.myshopify.com,http://themeforest.net/item/ap-gentshop-shopify-responisive-theme/11406085?ref=themescroller,$56,http_ap-gentshop-store.myshopify.com_.png,Themeforest
Bright - Responsive Shopify Theme,http://test-shop-199.myshopify.com/,http://themeforest.net/item/bright-responsive-shopify-theme/11215335?ref=themescroller,$56,http_test-shop-199.myshopify.com_.png,Themeforest
Fashion - Responsive Shopify Theme,http://demo.roartheme.com/shopify/fashion/index.html,http://themeforest.net/item/fashion-responsive-shopify-theme/11212231?ref=themescroller,$56,http_demo.roartheme.com_shopify_fashion_index.html.png,Themeforest
Lamby - Responsive Shopify Theme,http://lamby.myshopify.com,http://themeforest.net/item/lamby-responsive-shopify-theme/11052187?ref=themescroller,$56,http_lamby.myshopify.com_.png,Themeforest
Anormy - Flexible Shopify Template,http://cs-anormy-new.myshopify.com,http://themeforest.net/item/anormy-flexible-shopify-template/11035635?ref=themescroller,$56,http_cs-anormy-new.myshopify.com_.png,Themeforest
Qrack - Responsive Shopify Theme,http://qrack.myshopify.com/?view=splash,http://themeforest.net/item/qrack-responsive-shopify-theme/10834410?ref=themescroller,$56,http_qrack.myshopify.com_view=splash.png,Themeforest
dEShop - Responsive Shopify Store Template,http://deshop-demo.myshopify.com/,http://themeforest.net/item/deshop-responsive-shopify-store-template/10839656?ref=themescroller,$56,http_deshop-demo.myshopify.com_.png,Themeforest
AP Fashion Store - Responsive Shopify Template,https://ap-fashion-store.myshopify.com,http://themeforest.net/item/ap-fashion-store-responsive-shopify-template/10716709?ref=themescroller,$56,https_ap-fashion-store.myshopify.com_.png,Themeforest
ONE - A multi-use responsive Shopify theme,http://one-theme.myshopify.com/,http://themeforest.net/item/one-a-multiuse-responsive-shopify-theme/10503101?ref=themescroller,$56,http_one-theme.myshopify.com_.png,Themeforest
Velvet - A Shopify Fashion Theme,http://velvet2.myshopify.com/,http://themeforest.net/item/velvet-a-shopify-fashion-theme/10424210?ref=themescroller,$56,http_velvet2.myshopify.com_.png,Themeforest
Venas - Responsive Shopify Theme,http://angelo-2.myshopify.com/,http://themeforest.net/item/venas-responsive-shopify-theme/10297090?ref=themescroller,$56,http_angelo-2.myshopify.com_.png,Themeforest
Effect - Responsive Shopify Theme,http://effect-3.myshopify.com/,http://themeforest.net/item/effect-responsive-shopify-theme/10293000?ref=themescroller,$56,http_effect-3.myshopify.com_.png,Themeforest
Stitchy Shopify Theme,http://stitchy.myshopify.com/,http://themeforest.net/item/stitchy-shopify-theme/10055388?ref=themescroller,$56,http_stitchy.myshopify.com_.png,Themeforest
Watches - Responsive Shopify Template,http://ap-best-store.myshopify.com/,http://themeforest.net/item/watches-responsive-shopify-template/10079887?ref=themescroller,$56,http_ap-best-store.myshopify.com_.png,Themeforest
Eclipse - Responsive Shopify Theme,http://eclipse-8.myshopify.com/,http://themeforest.net/item/eclipse-responsive-shopify-theme/10094878?ref=themescroller,$56,http_eclipse-8.myshopify.com_.png,Themeforest
Citrus one page parallax Shopify Theme ,http://citrus-demo.myshopify.com,http://themeforest.net/item/citrus-one-page-parallax-shopify-theme-/9966282?ref=themescroller,$56,http_citrus-demo.myshopify.com_.png,Themeforest
Ella - Responsive Shopify Template,http://ella-16.myshopify.com/,http://themeforest.net/item/ella-responsive-shopify-template/9691007?ref=themescroller,$56,http_ella-16.myshopify.com_.png,Themeforest
Minimal Multipurpose Shopify Theme - SixthTee,http://cs-sixthtee-electronic-2.myshopify.com,http://themeforest.net/item/minimal-multipurpose-shopify-theme-sixthtee/9575748?ref=themescroller,$56,http_cs-sixthtee-electronic-2.myshopify.com_.png,Themeforest
Queen - Responsive Shopify Theme,http://rt-queen.myshopify.com,http://themeforest.net/item/queen-responsive-shopify-theme/9433426?ref=themescroller,$56,http_rt-queen.myshopify.com_.png,Themeforest
KidsLife Responsive Shopify Theme,http://kids-life.myshopify.com/,http://themeforest.net/item/kidslife-responsive-shopify-theme/9322259?ref=themescroller,$56,http_kids-life.myshopify.com_.png,Themeforest
Funity - Responsive Shopify Theme,http://funity-fashion.myshopify.com,http://themeforest.net/item/funity-responsive-shopify-theme/8659237?ref=themescroller,$56,http_funity-fashion.myshopify.com_.png,Themeforest
Avenue - Responsive Shopify Theme,http://avenues-3.myshopify.com,http://themeforest.net/item/avenue-responsive-shopify-theme/8537699?ref=themescroller,$56,http_avenues-3.myshopify.com_.png,Themeforest
SmartCode - Responsive Shopify Theme,http://cloudeight-smartcode.myshopify.com/,http://themeforest.net/item/smartcode-responsive-shopify-theme/8589231?ref=themescroller,$56,http_cloudeight-smartcode.myshopify.com_.png,Themeforest
Responsive Shopify Theme - WinterTime,http://cs-wintertime.myshopify.com,http://themeforest.net/item/responsive-shopify-theme-wintertime/8046079?ref=themescroller,$56,http_cs-wintertime.myshopify.com_.png,Themeforest
Elementary - A Responsive Shopify Theme,http://elementary-theme.myshopify.com/,http://themeforest.net/item/elementary-a-responsive-shopify-theme/8436140?ref=themescroller,$56,http_elementary-theme.myshopify.com_.png,Themeforest
Nero - Responsive Shopify Theme,http://cloudeight-nero.myshopify.com/,http://themeforest.net/item/nero-responsive-shopify-theme/8207504?ref=themescroller,$56,http_cloudeight-nero.myshopify.com_.png,Themeforest
Helio - Responsive Shopify Theme,http://cloudeight-helio.myshopify.com/,http://themeforest.net/item/helio-responsive-shopify-theme/7824402?ref=themescroller,$56,http_cloudeight-helio.myshopify.com_.png,Themeforest
Saria Shop - Flat Responsive Shopify Theme,http://nyxpoint.com/saria-shopify/,http://themeforest.net/item/saria-shop-flat-responsive-shopify-theme/7755592?ref=themescroller,$56,http_nyxpoint.com_saria-shopify_.png,Themeforest
Sigma | Responsive Multipurpose Shopify Theme,http://sigma-shop.myshopify.com/,http://themeforest.net/item/sigma-responsive-multipurpose-shopify-theme/7658597?ref=themescroller,$56,http_sigma-shop.myshopify.com_.png,Themeforest
Vigo Shop - Responsive Shopify Theme,https://vigoshop.myshopify.com,http://themeforest.net/item/vigo-shop-responsive-shopify-theme/7606264?ref=themescroller,$56,https_vigoshop.myshopify.com_.png,Themeforest
Responsive Shopify Theme - Fashion,http://cs-fashion-4.myshopify.com,http://themeforest.net/item/responsive-shopify-theme-fashion/7415873?ref=themescroller,$56,http_cs-fashion-4.myshopify.com_.png,Themeforest
Fashion Planet Shopify Theme,http://fashionplanet.myshopify.com/,http://themeforest.net/item/fashion-planet-shopify-theme/7384365?ref=themescroller,$56,http_fashionplanet.myshopify.com_.png,Themeforest
Game Store Shopify Theme - GameWorld,http://cs-gameworld.myshopify.com/,http://themeforest.net/item/game-store-shopify-theme-gameworld/7049659?ref=themescroller,$56,http_cs-gameworld.myshopify.com_.png,Themeforest
Plain - Responsive Shopify Theme,http://plain-8.myshopify.com/,http://themeforest.net/item/plain-responsive-shopify-theme/6924624?ref=themescroller,$56,http_plain-8.myshopify.com_.png,Themeforest
Flat Responsive Shopify Theme,http://flat-14.myshopify.com/,http://themeforest.net/item/flat-responsive-shopify-theme/6851951?ref=themescroller,$56,http_flat-14.myshopify.com_.png,Themeforest
Clothing Store Shopify Theme - EstNeque,http://cs-estneque.myshopify.com/,http://themeforest.net/item/clothing-store-shopify-theme-estneque/6605152?ref=themescroller,$56,http_cs-estneque.myshopify.com_.png,Themeforest
Quickshop - Responsive Shopify Theme,http://kumi-quickshop.myshopify.com,http://themeforest.net/item/quickshop-responsive-shopify-theme/6558987?ref=themescroller,$56,http_kumi-quickshop.myshopify.com_.png,Themeforest
Avenia - Responsive Shopify Theme,http://ce-avenia-aura.myshopify.com/,http://themeforest.net/item/avenia-responsive-shopify-theme/6434438?ref=themescroller,$56,http_ce-avenia-aura.myshopify.com_.png,Themeforest
Lingerie Store Responsive Shopify Theme - Instyle,http://cs-instyle.myshopify.com/,http://themeforest.net/item/lingerie-store-responsive-shopify-theme-instyle/6114615?ref=themescroller,$56,http_cs-instyle.myshopify.com_.png,Themeforest
Natural - Responsive Shopify Theme,http://natural-144.myshopify.com/,http://themeforest.net/item/natural-responsive-shopify-theme/6057507?ref=themescroller,$56,http_natural-144.myshopify.com_.png,Themeforest
Serenity - Minimal Responsive Shopify Theme,http://ninetheme.com/themes/demobar/?product=shopify_serenity,http://themeforest.net/item/serenity-minimal-responsive-shopify-theme/5999968?ref=themescroller,$56,http_ninetheme.com_themes_demobar_product=shopify_serenity.png,Themeforest
 High Fashion Responsive Shopify Theme - Parallax,http://cs-parallax.myshopify.com/,http://themeforest.net/item/-high-fashion-responsive-shopify-theme-parallax/5953959?ref=themescroller,$56,http_cs-parallax.myshopify.com_.png,Themeforest
Responsive Shopify Theme - WineYard,http://cs-wineyard.myshopify.com/,http://themeforest.net/item/responsive-shopify-theme-wineyard/5893734?ref=themescroller,$56,http_cs-wineyard.myshopify.com_.png,Themeforest
Tendershop - Minimal Responsive Shopify Theme,http://ninetheme.com/themes/demobar/?product=tender_shopify,http://themeforest.net/item/tendershop-minimal-responsive-shopify-theme/5688343?ref=themescroller,$56,http_ninetheme.com_themes_demobar_product=tender_shopify.png,Themeforest
Responsive Shopify Theme - ShopMusic,http://cs-shopmusic.myshopify.com/,http://themeforest.net/item/responsive-shopify-theme-shopmusic/5675678?ref=themescroller,$56,http_cs-shopmusic.myshopify.com_.png,Themeforest
Humbleshop - Minimal Retina Shopify Theme,http://theme.thehumblespace.com/redirect.php?theme=HumbleShop%2520Shopify,http://themeforest.net/item/humbleshop-minimal-retina-shopify-theme/5489412?ref=themescroller,$56,http_theme.thehumblespace.com_theme.png,Themeforest
Responsive Shopify Theme - ActiveWear,http://cs-activewear.myshopify.com/,http://themeforest.net/item/responsive-shopify-theme-activewear/5480317?ref=themescroller,$56,http_cs-activewear.myshopify.com_.png,Themeforest
Eighty Three - Responsive Shopify Theme,http://eightythree.myshopify.com/,http://themeforest.net/item/eighty-three-responsive-shopify-theme/5391630?ref=themescroller,$56,http_eightythree.myshopify.com_.png,Themeforest
Ultimate | Responsive Shopify Theme,http://ultimate-theme.myshopify.com/,http://themeforest.net/item/ultimate-responsive-shopify-theme/5293977?ref=themescroller,$56,http_ultimate-theme.myshopify.com_.png,Themeforest
Responsive Shopify Theme - Instruments Design,http://cs-harmony.myshopify.com/,http://themeforest.net/item/responsive-shopify-theme-instruments-design/5251776?ref=themescroller,$56,http_cs-harmony.myshopify.com_.png,Themeforest
Sushi - Food & Restaurant Shopify Theme,http://restaurant-58.myshopify.com/,http://themeforest.net/item/sushi-food-restaurant-shopify-theme/5091806?ref=themescroller,$56,http_restaurant-58.myshopify.com_.png,Themeforest
Spa Treats Shopify Theme,http://spatreats.myshopify.com/,http://themeforest.net/item/spa-treats-shopify-theme/4766178?ref=themescroller,$56,http_spatreats.myshopify.com_.png,Themeforest
Sweet Tooth,http://sweet-tooth-6.myshopify.com,http://themeforest.net/item/sweet-tooth/3918708?ref=themescroller,$56,http_sweet-tooth-6.myshopify.com_.png,Themeforest
Pandora  Responsive Shopify HTML5 Theme,http://demo.planetshine.net/redirect.html?theme=pandora-shopify,http://themeforest.net/item/pandora-responsive-shopify-html5-theme/3641189?ref=themescroller,$56,http_demo.planetshine.net_redirect.html_theme=pandora-shopify.png,Themeforest
Avalanche for Shopify  Responsive Premium Theme,http://hermann-mayer-and-west3085.myshopify.com,http://themeforest.net/item/avalanche-for-shopify-responsive-premium-theme/3563808?ref=themescroller,$56,http_hermann-mayer-and-west3085.myshopify.com_.png,Themeforest
Callisto for Shopify - Premium Responsive Theme,http://demo.planetshine.net/redirect.html?theme=callisto-shopify,http://themeforest.net/item/callisto-for-shopify-premium-responsive-theme/3046802?ref=themescroller,$56,http_demo.planetshine.net_pandora-shopify_.png,Themeforest
Storefront Pro for Shopify  Premium Theme,http://boyle-koch-and-thompson8456.myshopify.com,http://themeforest.net/item/storefront-pro-for-shopify-premium-theme/1509962?ref=themescroller,$56,http_boyle-koch-and-thompson8456.myshopify.com_.png,Themeforest
Responsify,http://mckenzie-considine-and-grady7264.myshopify.com,http://themeforest.net/item/responsify/793107?ref=themescroller,$46,http_mckenzie-considine-and-grady7264.myshopify.com_.png,Themeforest
Phantom Shop,http://bechtelar-and-sons6947.myshopify.com/,http://themeforest.net/item/phantom-shop/334479?ref=themescroller,$46,http_bechtelar-and-sons6947.myshopify.com_.png,Themeforest
Vanity Shop,http://vanity-shop.myshopify.com,http://themeforest.net/item/vanity-shop/308910?ref=themescroller,$46,http_vanity-shop.myshopify.com_.png,Themeforest
Sparklings Shopify Theme,http://lesch-ferry1827.myshopify.com/,http://themeforest.net/item/sparklings-shopify-theme/106653?ref=themescroller,$35,http_lesch-ferry1827.myshopify.com_.png,Themeforest
Mercury,http://getmercury.myshopify.com/,http://themeforest.net/item/mercury/28395?ref=themescroller,$23,http_getmercury.myshopify.com_.png,Themeforest

